,name,volume,cost,market_value
601857,zhongguoshiyou,200,7.957958000000001,1500.0
601318,zhongguopingan,100,62.2434236,6218.0
